step,phase,n,kernel,dist_ls0,dist_ls1,pos_ls0,pos_ls1,noise_var,LML,train_rmse,train_mae,train_r2
0,warmup,1,"SliceKernel(base=RBF(length_scale=[0.00711, 26.3]), idx=[0, 1]) + SliceKernel(base=RBF(length_scale=[0.156, 0.953]), idx=[2, 3]) + WhiteKernel(noise_level=1.3e-06)",0.0071103223,26.280633,0.15597404,0.95287875,1.2963993e-06,-1.2655124,0,0,nan
1,warmup,2,"SliceKernel(base=RBF(length_scale=[0.00711, 26.3]), idx=[0, 1]) + SliceKernel(base=RBF(length_scale=[0.156, 0.953]), idx=[2, 3]) + WhiteKernel(noise_level=1.3e-06)",0.0071103223,26.280633,0.15597404,0.95287875,1.2963993e-06,-3.0310246,5.1110456e-09,5.1110456e-09,1
2,warmup,3,"SliceKernel(base=RBF(length_scale=[3.02, 0.00101]), idx=[0, 1]) + SliceKernel(base=RBF(length_scale=[463, 0.638]), idx=[2, 3]) + WhiteKernel(noise_level=2.2e-06)",3.0161098,0.001008029,462.77323,0.63818193,2.2006444e-06,-4.4915065,1.8951265e-08,1.7075497e-08,1
3,warmup,4,"SliceKernel(base=RBF(length_scale=[4.06, 1.93]), idx=[0, 1]) + SliceKernel(base=RBF(length_scale=[1e+03, 2.79]), idx=[2, 3]) + WhiteKernel(noise_level=1e-06)",4.0589758,1.9267794,1000,2.7889089,1e-06,-4.3314384,2.7736844e-08,2.3432025e-08,1
4,warmup,5,"SliceKernel(base=RBF(length_scale=[1e+03, 2.23]), idx=[0, 1]) + SliceKernel(base=RBF(length_scale=[1e+03, 1.19]), idx=[2, 3]) + WhiteKernel(noise_level=1e-06)",1000,2.22915,1000,1.1897092,1e-06,-5.242669,3.5590748e-08,2.8149853e-08,1
5,warmup,6,"SliceKernel(base=RBF(length_scale=[1e+03, 2.65]), idx=[0, 1]) + SliceKernel(base=RBF(length_scale=[1e+03, 0.719]), idx=[2, 3]) + WhiteKernel(noise_level=1e-06)",1000,2.6507318,1000,0.71880742,1e-06,-6.6942334,3.4314822e-08,2.92848e-08,1
6,warmup,7,"SliceKernel(base=RBF(length_scale=[2.25, 2.87]), idx=[0, 1]) + SliceKernel(base=RBF(length_scale=[1.11, 1.17]), idx=[2, 3]) + WhiteKernel(noise_level=1e-06)",2.2506891,2.8687697,1.1060139,1.1693478,1e-06,-7.0022609,9.1265291e-08,7.0980914e-08,1
7,warmup,8,"SliceKernel(base=RBF(length_scale=[3.67, 3.24]), idx=[0, 1]) + SliceKernel(base=RBF(length_scale=[1.33, 404]), idx=[2, 3]) + WhiteKernel(noise_level=0.00685)",3.6724095,3.236819,1.3267996,403.89982,0.0068464819,-5.3711595,0.0025893947,0.0022884531,0.99821113
8,warmup,9,"SliceKernel(base=RBF(length_scale=[4.09, 4.17]), idx=[0, 1]) + SliceKernel(base=RBF(length_scale=[1.06, 1e+03]), idx=[2, 3]) + WhiteKernel(noise_level=0.00359)",4.0947738,4.1743439,1.0608709,1000,0.0035916723,-3.4623722,0.0023927627,0.0019996887,0.99909292
9,warmup,10,"SliceKernel(base=RBF(length_scale=[3.68, 4.4]), idx=[0, 1]) + SliceKernel(base=RBF(length_scale=[0.851, 1e+03]), idx=[2, 3]) + WhiteKernel(noise_level=0.00332)",3.6810902,4.4018802,0.85115022,1000,0.0033198026,-3.856933,0.0022481672,0.001769449,0.99919116
10,warmup,11,"SliceKernel(base=RBF(length_scale=[1.82, 5.4]), idx=[0, 1]) + SliceKernel(base=RBF(length_scale=[1.1, 0.986]), idx=[2, 3]) + WhiteKernel(noise_level=0.00472)",1.8210961,5.3959247,1.0995471,0.98551043,0.004716084,-5.708173,0.0025234935,0.0020472039,0.99888059
11,warmup,12,"SliceKernel(base=RBF(length_scale=[1.41, 6.16]), idx=[0, 1]) + SliceKernel(base=RBF(length_scale=[1.42, 0.75]), idx=[2, 3]) + WhiteKernel(noise_level=0.00605)",1.4077715,6.1571028,1.4201072,0.75037196,0.0060492348,-6.436747,0.003137586,0.0026988433,0.99830925
12,warmup,13,"SliceKernel(base=RBF(length_scale=[1.37, 6.47]), idx=[0, 1]) + SliceKernel(base=RBF(length_scale=[1.32, 0.739]), idx=[2, 3]) + WhiteKernel(noise_level=0.00443)",1.3659712,6.4696879,1.3242838,0.73897015,0.0044276697,-4.8273026,0.0029348956,0.002455493,0.99869779
13,warmup,14,"SliceKernel(base=RBF(length_scale=[1.47, 2.02]), idx=[0, 1]) + SliceKernel(base=RBF(length_scale=[1.17, 0.806]), idx=[2, 3]) + WhiteKernel(noise_level=0.00322)",1.470319,2.022383,1.1680731,0.80595754,0.0032160207,-5.5575381,0.002667554,0.0022240853,0.99919903
14,warmup,15,"SliceKernel(base=RBF(length_scale=[1.4, 1.38]), idx=[0, 1]) + SliceKernel(base=RBF(length_scale=[1.17, 0.809]), idx=[2, 3]) + WhiteKernel(noise_level=0.00301)",1.3971067,1.378294,1.1683896,0.80912733,0.0030127136,-5.848421,0.0025346562,0.0020242921,0.99932983
15,warmup,16,"SliceKernel(base=RBF(length_scale=[1.6, 1.34]), idx=[0, 1]) + SliceKernel(base=RBF(length_scale=[1.3, 0.775]), idx=[2, 3]) + WhiteKernel(noise_level=0.00282)",1.5990343,1.3437823,1.2984528,0.77544518,0.0028181056,-5.6636979,0.002458191,0.001913746,0.99938461
16,warmup,17,"SliceKernel(base=RBF(length_scale=[2.22, 1.27]), idx=[0, 1]) + SliceKernel(base=RBF(length_scale=[1.33, 0.751]), idx=[2, 3]) + WhiteKernel(noise_level=0.00291)",2.2239829,1.2739703,1.3326544,0.75109964,0.0029081622,-6.1942727,0.0025292919,0.0020012226,0.99935254
17,warmup,18,"SliceKernel(base=RBF(length_scale=[2.44, 1.23]), idx=[0, 1]) + SliceKernel(base=RBF(length_scale=[1.23, 0.818]), idx=[2, 3]) + WhiteKernel(noise_level=0.00248)",2.4438353,1.2340175,1.2334964,0.81800997,0.0024782812,-5.6582732,0.0023171783,0.0017583939,0.99945196
18,warmup,19,"SliceKernel(base=RBF(length_scale=[2.71, 1.18]), idx=[0, 1]) + SliceKernel(base=RBF(length_scale=[1.22, 0.864]), idx=[2, 3]) + WhiteKernel(noise_level=0.00252)",2.7121063,1.1757143,1.2192157,0.86388745,0.0025233951,-5.6642123,0.0023388132,0.0017593644,0.99941275
19,warmup,20,"SliceKernel(base=RBF(length_scale=[1e+03, 1.13]), idx=[0, 1]) + SliceKernel(base=RBF(length_scale=[1.41, 0.821]), idx=[2, 3]) + WhiteKernel(noise_level=0.00258)",1000,1.1259374,1.4130405,0.82123775,0.0025806654,-5.3116056,0.0024907805,0.0017964939,0.99931544
20,warmup,21,"SliceKernel(base=RBF(length_scale=[1e+03, 0.867]), idx=[0, 1]) + SliceKernel(base=RBF(length_scale=[1.29, 0.664]), idx=[2, 3]) + WhiteKernel(noise_level=0.00259)",1000,0.86728185,1.2916195,0.66353433,0.0025860472,-8.6873069,0.0020771502,0.001615394,0.9995021
21,warmup,22,"SliceKernel(base=RBF(length_scale=[4.62, 0.59]), idx=[0, 1]) + SliceKernel(base=RBF(length_scale=[1.25, 0.642]), idx=[2, 3]) + WhiteKernel(noise_level=1e-06)",4.6203741,0.58993585,1.2492255,0.64165184,1e-06,-11.657006,7.3405242e-07,5.0179428e-07,1
22,warmup,23,"SliceKernel(base=RBF(length_scale=[0.00413, 26.3]), idx=[0, 1]) + SliceKernel(base=RBF(length_scale=[1.11, 0.69]), idx=[2, 3]) + WhiteKernel(noise_level=1.3e-06)",0.0041287272,26.280307,1.110572,0.68984542,1.2963171e-06,-32.249347,8.5946667e-08,7.4899076e-08,1
23,warmup,24,"SliceKernel(base=RBF(length_scale=[925, 1.68]), idx=[0, 1]) + SliceKernel(base=RBF(length_scale=[0.0726, 1e+03]), idx=[2, 3]) + WhiteKernel(noise_level=0.073)",925.1849,1.682888,0.072593014,1000,0.072997358,-28.883004,0.014216968,0.010561881,0.98171006
24,warmup,25,"SliceKernel(base=RBF(length_scale=[0.01, 575]), idx=[0, 1]) + SliceKernel(base=RBF(length_scale=[0.751, 1e+03]), idx=[2, 3]) + WhiteKernel(noise_level=1.2e-06)",0.0099970338,575.26002,0.75061775,1000,1.1954556e-06,-33.467799,1.1565207e-07,9.4085164e-08,1
25,warmup,26,"SliceKernel(base=RBF(length_scale=[1.51, 1.85]), idx=[0, 1]) + SliceKernel(base=RBF(length_scale=[0.000662, 0.000368]), idx=[2, 3]) + WhiteKernel(noise_level=1e-06)",1.5056736,1.8492518,0.00066159271,0.00036772398,1e-06,-34.348147,7.5983469e-08,5.4408151e-08,1
26,warmup,27,"SliceKernel(base=RBF(length_scale=[1e+03, 1.09]), idx=[0, 1]) + SliceKernel(base=RBF(length_scale=[0.00066, 0.000303]), idx=[2, 3]) + WhiteKernel(noise_level=1e-06)",1000,1.0905239,0.00065976322,0.000303034,1e-06,-35.026023,7.67962e-08,5.665123e-08,1
27,warmup,28,"SliceKernel(base=RBF(length_scale=[2.61, 0.661]), idx=[0, 1]) + SliceKernel(base=RBF(length_scale=[1.34, 0.485]), idx=[2, 3]) + WhiteKernel(noise_level=1e-06)",2.6091288,0.6607842,1.336919,0.4853658,1e-06,-20.97816,1.0761481e-06,8.6613915e-07,1
28,warmup,29,"SliceKernel(base=RBF(length_scale=[1.26, 2.08]), idx=[0, 1]) + SliceKernel(base=RBF(length_scale=[0.057, 1e+03]), idx=[2, 3]) + WhiteKernel(noise_level=1e-06)",1.2580806,2.0777002,0.056950844,1000,1e-06,-31.094529,3.8361759e-07,2.493627e-07,1
29,warmup,30,"SliceKernel(base=RBF(length_scale=[1e+03, 1.16]), idx=[0, 1]) + SliceKernel(base=RBF(length_scale=[0.000622, 0.00139]), idx=[2, 3]) + WhiteKernel(noise_level=1e-06)",1000,1.1642081,0.00062172171,0.0013906572,1e-06,-38.837827,7.6694368e-08,5.6073971e-08,1
30,warmup,31,"SliceKernel(base=RBF(length_scale=[2.48, 0.707]), idx=[0, 1]) + SliceKernel(base=RBF(length_scale=[1.52, 0.682]), idx=[2, 3]) + WhiteKernel(noise_level=0.00227)",2.482605,0.70706261,1.5236073,0.68154267,0.0022681156,-15.849164,0.0027265886,0.0021014345,0.99954329
31,warmup,32,"SliceKernel(base=RBF(length_scale=[1e+03, 0.49]), idx=[0, 1]) + SliceKernel(base=RBF(length_scale=[1.08, 0.469]), idx=[2, 3]) + WhiteKernel(noise_level=1.21e-06)",1000,0.4903586,1.0760502,0.46856311,1.2085128e-06,-22.026573,1.0328017e-06,8.2203645e-07,1
32,warmup,33,"SliceKernel(base=RBF(length_scale=[6.03, 0.567]), idx=[0, 1]) + SliceKernel(base=RBF(length_scale=[1.28, 0.4]), idx=[2, 3]) + WhiteKernel(noise_level=1.19e-06)",6.0293234,0.56706389,1.2772841,0.40033275,1.1937509e-06,-21.330558,9.2656609e-07,7.2033168e-07,1
33,warmup,34,"SliceKernel(base=RBF(length_scale=[0.72, 2.71]), idx=[0, 1]) + SliceKernel(base=RBF(length_scale=[0.95, 0.367]), idx=[2, 3]) + WhiteKernel(noise_level=1.3e-06)",0.7195847,2.7114761,0.9497731,0.36743973,1.2999141e-06,-27.038286,1.1406396e-06,9.1266079e-07,1
34,warmup,35,"SliceKernel(base=RBF(length_scale=[3.54, 0.526]), idx=[0, 1]) + SliceKernel(base=RBF(length_scale=[1.25, 0.428]), idx=[2, 3]) + WhiteKernel(noise_level=1e-06)",3.5357545,0.52556204,1.2482593,0.42769519,1e-06,-20.50489,1.0150255e-06,7.6634603e-07,1
34,active,35,"SliceKernel(base=RBF(length_scale=[3.54, 0.526]), idx=[0, 1]) + SliceKernel(base=RBF(length_scale=[1.25, 0.428]), idx=[2, 3]) + WhiteKernel(noise_level=1e-06)",3.5357545,0.52556204,1.2482593,0.42769519,1e-06,-20.50489,1.0150255e-06,7.6634603e-07,1
35,active,36,"SliceKernel(base=RBF(length_scale=[1e+03, 1.29]), idx=[0, 1]) + SliceKernel(base=RBF(length_scale=[0.0603, 1.07]), idx=[2, 3]) + WhiteKernel(noise_level=1e-06)",1000,1.2890025,0.060292936,1.0728965,1e-06,-34.772551,3.5670603e-07,2.3573759e-07,1
36,active,37,"SliceKernel(base=RBF(length_scale=[1e+03, 1.08]), idx=[0, 1]) + SliceKernel(base=RBF(length_scale=[0.044, 1.17]), idx=[2, 3]) + WhiteKernel(noise_level=1e-06)",1000,1.0830724,0.043976385,1.1686916,1e-06,-37.832761,2.4767216e-07,1.7678321e-07,1
37,active,38,"SliceKernel(base=RBF(length_scale=[1e+03, 0.951]), idx=[0, 1]) + SliceKernel(base=RBF(length_scale=[0.0227, 1.48]), idx=[2, 3]) + WhiteKernel(noise_level=1e-06)",1000,0.95070912,0.022700685,1.4750074,1e-06,-42.080072,2.4770437e-07,1.3690973e-07,1
38,active,39,"SliceKernel(base=RBF(length_scale=[1e+03, 0.646]), idx=[0, 1]) + SliceKernel(base=RBF(length_scale=[0.0233, 1.47]), idx=[2, 3]) + WhiteKernel(noise_level=1e-06)",1000,0.64628695,0.023330611,1.4748388,1e-06,-43.255134,2.4317529e-07,1.34447e-07,1
39,active,40,"SliceKernel(base=RBF(length_scale=[1e+03, 0.609]), idx=[0, 1]) + SliceKernel(base=RBF(length_scale=[0.0234, 1.64]), idx=[2, 3]) + WhiteKernel(noise_level=1e-06)",1000,0.60902601,0.023400627,1.6368257,1e-06,-44.058544,2.4628492e-07,1.4160681e-07,1
40,active,41,"SliceKernel(base=RBF(length_scale=[1e+03, 0.548]), idx=[0, 1]) + SliceKernel(base=RBF(length_scale=[0.0233, 1.75]), idx=[2, 3]) + WhiteKernel(noise_level=1e-06)",1000,0.54846458,0.023261137,1.7547568,1e-06,-45.104186,2.6682242e-07,1.432588e-07,1
41,active,42,"SliceKernel(base=RBF(length_scale=[1e+03, 0.373]), idx=[0, 1]) + SliceKernel(base=RBF(length_scale=[0.0218, 1.87]), idx=[2, 3]) + WhiteKernel(noise_level=1e-06)",1000,0.37333768,0.021821736,1.873195,1e-06,-46.860725,2.6601939e-07,1.5780359e-07,1
42,active,43,"SliceKernel(base=RBF(length_scale=[1e+03, 0.339]), idx=[0, 1]) + SliceKernel(base=RBF(length_scale=[0.0107, 1.7]), idx=[2, 3]) + WhiteKernel(noise_level=1e-06)",1000,0.3390102,0.010746,1.6971363,1e-06,-49.439696,2.2693939e-07,1.3145809e-07,1
43,active,44,"SliceKernel(base=RBF(length_scale=[1.22, 0.721]), idx=[0, 1]) + SliceKernel(base=RBF(length_scale=[0.0964, 1e+03]), idx=[2, 3]) + WhiteKernel(noise_level=0.0499)",1.2239487,0.72088402,0.096405651,1000,0.049909882,-47.655577,0.016183072,0.012487499,0.98582236
44,active,45,"SliceKernel(base=RBF(length_scale=[1.27, 0.655]), idx=[0, 1]) + SliceKernel(base=RBF(length_scale=[0.0977, 1e+03]), idx=[2, 3]) + WhiteKernel(noise_level=0.0572)",1.271147,0.65511068,0.097651708,1000,0.057206563,-47.663457,0.018366249,0.014330982,0.98291639
45,active,46,"SliceKernel(base=RBF(length_scale=[1.35, 0.593]), idx=[0, 1]) + SliceKernel(base=RBF(length_scale=[0.099, 1e+03]), idx=[2, 3]) + WhiteKernel(noise_level=0.0595)",1.3450472,0.59290321,0.099008779,1000,0.059495438,-47.586052,0.019565948,0.01534832,0.98154468
46,active,47,"SliceKernel(base=RBF(length_scale=[1.35, 0.578]), idx=[0, 1]) + SliceKernel(base=RBF(length_scale=[0.0956, 1e+03]), idx=[2, 3]) + WhiteKernel(noise_level=0.0593)",1.3478423,0.57764367,0.095600147,1000,0.059325561,-49.133522,0.019143529,0.01496126,0.98221295
47,active,48,"SliceKernel(base=RBF(length_scale=[1.38, 0.529]), idx=[0, 1]) + SliceKernel(base=RBF(length_scale=[0.101, 1e+03]), idx=[2, 3]) + WhiteKernel(noise_level=0.0598)",1.3773975,0.52867328,0.10103005,1000,0.059794514,-49.515096,0.019908553,0.015676618,0.98111512
48,active,49,"SliceKernel(base=RBF(length_scale=[1.51, 0.629]), idx=[0, 1]) + SliceKernel(base=RBF(length_scale=[0.109, 1e+03]), idx=[2, 3]) + WhiteKernel(noise_level=0.0901)",1.5098964,0.62942199,0.10935146,1000,0.090143236,-50.446504,0.029182425,0.022277629,0.96447128
49,active,50,"SliceKernel(base=RBF(length_scale=[1.41, 0.637]), idx=[0, 1]) + SliceKernel(base=RBF(length_scale=[0.105, 1e+03]), idx=[2, 3]) + WhiteKernel(noise_level=0.104)",1.4131207,0.63692727,0.10464692,1000,0.10366527,-52.765122,0.031699471,0.023003894,0.95802874
50,active,51,"SliceKernel(base=RBF(length_scale=[1.42, 0.632]), idx=[0, 1]) + SliceKernel(base=RBF(length_scale=[0.105, 1e+03]), idx=[2, 3]) + WhiteKernel(noise_level=0.102)",1.4159417,0.63183663,0.1054901,1000,0.10201515,-53.346554,0.031943848,0.023055218,0.9587453
51,active,52,"SliceKernel(base=RBF(length_scale=[1.42, 0.627]), idx=[0, 1]) + SliceKernel(base=RBF(length_scale=[0.104, 1e+03]), idx=[2, 3]) + WhiteKernel(noise_level=0.103)",1.4203464,0.62713733,0.10400095,1000,0.10266509,-54.334386,0.031969229,0.022916391,0.95864148
52,active,53,"SliceKernel(base=RBF(length_scale=[1.43, 0.618]), idx=[0, 1]) + SliceKernel(base=RBF(length_scale=[0.0997, 1e+03]), idx=[2, 3]) + WhiteKernel(noise_level=0.102)",1.4316833,0.61780518,0.099672924,1000,0.10183162,-55.304823,0.031694669,0.022526866,0.95954321
53,active,54,"SliceKernel(base=RBF(length_scale=[1.54, 0.574]), idx=[0, 1]) + SliceKernel(base=RBF(length_scale=[0.0665, 1e+03]), idx=[2, 3]) + WhiteKernel(noise_level=0.0693)",1.5418048,0.57423896,0.066456213,1000,0.069256922,-56.47675,0.022696252,0.016200651,0.9789637
54,active,55,"SliceKernel(base=RBF(length_scale=[1.54, 0.57]), idx=[0, 1]) + SliceKernel(base=RBF(length_scale=[0.06, 1e+03]), idx=[2, 3]) + WhiteKernel(noise_level=0.0671)",1.5365735,0.57047168,0.059983389,1000,0.067069051,-58.369089,0.021546319,0.015341367,0.98074256
55,active,56,"SliceKernel(base=RBF(length_scale=[1.44, 0.597]), idx=[0, 1]) + SliceKernel(base=RBF(length_scale=[0.0732, 1e+03]), idx=[2, 3]) + WhiteKernel(noise_level=0.1)",1.4360247,0.59727547,0.073207883,1000,0.10047837,-60.631024,0.029299159,0.021575031,0.96397506
56,active,57,"SliceKernel(base=RBF(length_scale=[1.45, 0.593]), idx=[0, 1]) + SliceKernel(base=RBF(length_scale=[0.0737, 1e+03]), idx=[2, 3]) + WhiteKernel(noise_level=0.0974)",1.4476627,0.59262922,0.073749035,1000,0.097383105,-61.156848,0.029129363,0.021387959,0.96526688
57,active,58,"SliceKernel(base=RBF(length_scale=[1.46, 0.588]), idx=[0, 1]) + SliceKernel(base=RBF(length_scale=[0.0733, 1e+03]), idx=[2, 3]) + WhiteKernel(noise_level=0.0966)",1.4597728,0.58848837,0.073321275,1000,0.096550939,-61.956114,0.029097451,0.021258436,0.9657697
58,active,59,"SliceKernel(base=RBF(length_scale=[1.47, 0.584]), idx=[0, 1]) + SliceKernel(base=RBF(length_scale=[0.0711, 1e+03]), idx=[2, 3]) + WhiteKernel(noise_level=0.0981)",1.4738009,0.58442451,0.07107625,1000,0.09814021,-63.319217,0.029069642,0.02109824,0.96544359
59,active,60,"SliceKernel(base=RBF(length_scale=[1.68, 0.577]), idx=[0, 1]) + SliceKernel(base=RBF(length_scale=[0.0836, 1e+03]), idx=[2, 3]) + WhiteKernel(noise_level=0.128)",1.6831215,0.57662708,0.083557156,999.97959,0.12780033,-64.631602,0.03590518,0.026009349,0.94691544
60,active,61,"SliceKernel(base=RBF(length_scale=[1.7, 0.579]), idx=[0, 1]) + SliceKernel(base=RBF(length_scale=[0.0861, 1e+03]), idx=[2, 3]) + WhiteKernel(noise_level=0.128)",1.700281,0.57943914,0.086145302,999.96094,0.12762962,-65.089311,0.036398849,0.026215381,0.94591705
61,active,62,"SliceKernel(base=RBF(length_scale=[1.71, 0.577]), idx=[0, 1]) + SliceKernel(base=RBF(length_scale=[0.0828, 1e+03]), idx=[2, 3]) + WhiteKernel(noise_level=0.128)",1.7093054,0.57681834,0.082805192,999.94191,0.1280302,-66.360251,0.036038906,0.025749522,0.94646824
62,active,63,"SliceKernel(base=RBF(length_scale=[1.65, 0.595]), idx=[0, 1]) + SliceKernel(base=RBF(length_scale=[0.0856, 1e+03]), idx=[2, 3]) + WhiteKernel(noise_level=0.165)",1.6478239,0.59460997,0.085645318,999.91003,0.16545543,-70.024365,0.042538155,0.031142755,0.9242172
63,active,64,"SliceKernel(base=RBF(length_scale=[1.65, 0.594]), idx=[0, 1]) + SliceKernel(base=RBF(length_scale=[0.0869, 1e+03]), idx=[2, 3]) + WhiteKernel(noise_level=0.17)",1.6537925,0.59425749,0.086944054,999.88297,0.17006832,-71.351445,0.043034323,0.031310505,0.92144749
64,active,65,"SliceKernel(base=RBF(length_scale=[1.65, 0.601]), idx=[0, 1]) + SliceKernel(base=RBF(length_scale=[0.0949, 1e+03]), idx=[2, 3]) + WhiteKernel(noise_level=0.185)",1.6503693,0.60085626,0.094890836,999.8505,0.18547546,-72.883203,0.045990169,0.034009451,0.90902916
65,active,66,"SliceKernel(base=RBF(length_scale=[1.9, 0.503]), idx=[0, 1]) + SliceKernel(base=RBF(length_scale=[0.0321, 1e+03]), idx=[2, 3]) + WhiteKernel(noise_level=0.0831)",1.8956659,0.50259744,0.032086468,999.80146,0.083115207,-75.202123,0.021716736,0.015307912,0.97941147
66,active,67,"SliceKernel(base=RBF(length_scale=[1.82, 0.489]), idx=[0, 1]) + SliceKernel(base=RBF(length_scale=[1e+03, 1e+03]), idx=[2, 3]) + WhiteKernel(noise_level=0.316)",1.8158052,0.48927092,1000,1000,0.31560118,-69.42296,0.078033155,0.056860286,0.73040905
67,active,68,"SliceKernel(base=RBF(length_scale=[1.83, 0.485]), idx=[0, 1]) + SliceKernel(base=RBF(length_scale=[1e+03, 1e+03]), idx=[2, 3]) + WhiteKernel(noise_level=0.314)",1.8292662,0.48479051,1000,1000,0.3144999,-70.226715,0.077582677,0.056459185,0.73086308
68,active,69,"SliceKernel(base=RBF(length_scale=[1.83, 0.482]), idx=[0, 1]) + SliceKernel(base=RBF(length_scale=[1e+03, 1e+03]), idx=[2, 3]) + WhiteKernel(noise_level=0.31)",1.8325551,0.48159933,1000,1000,0.31012738,-70.743523,0.076946116,0.055716788,0.73428283
69,active,70,"SliceKernel(base=RBF(length_scale=[0.688, 0.0037]), idx=[0, 1]) + SliceKernel(base=RBF(length_scale=[0.59, 0.788]), idx=[2, 3]) + WhiteKernel(noise_level=1e-06)",0.68822766,0.0037022543,0.58953449,0.78839425,1e-06,-70.568419,3.6603587e-06,1.1312933e-06,1
70,active,71,"SliceKernel(base=RBF(length_scale=[0.0646, 0.0587]), idx=[0, 1]) + SliceKernel(base=RBF(length_scale=[0.72, 0.592]), idx=[2, 3]) + WhiteKernel(noise_level=5.45e-06)",0.064584302,0.058670878,0.71982966,0.59239002,5.4480964e-06,-66.144104,3.5766076e-05,1.0352234e-05,0.99999994
71,active,72,"SliceKernel(base=RBF(length_scale=[0.0659, 0.0608]), idx=[0, 1]) + SliceKernel(base=RBF(length_scale=[0.731, 0.61]), idx=[2, 3]) + WhiteKernel(noise_level=4.7e-06)",0.065887048,0.060818105,0.73062292,0.60987566,4.6977756e-06,-62.568583,3.4339236e-05,9.9089815e-06,0.99999995
72,active,73,"SliceKernel(base=RBF(length_scale=[0.067, 0.0624]), idx=[0, 1]) + SliceKernel(base=RBF(length_scale=[0.752, 0.62]), idx=[2, 3]) + WhiteKernel(noise_level=4.4e-06)",0.066980882,0.062366586,0.75202368,0.62041677,4.3995341e-06,-59.796383,3.5387277e-05,9.9425645e-06,0.99999995
73,active,74,"SliceKernel(base=RBF(length_scale=[0.0684, 0.02]), idx=[0, 1]) + SliceKernel(base=RBF(length_scale=[0.872, 0.553]), idx=[2, 3]) + WhiteKernel(noise_level=2.94e-06)",0.068443367,0.019994118,0.87199836,0.55295613,2.9394236e-06,-59.855355,2.5709189e-05,7.7556205e-06,0.99999997
74,active,75,"SliceKernel(base=RBF(length_scale=[0.434, 0.0839]), idx=[0, 1]) + SliceKernel(base=RBF(length_scale=[0.807, 0.61]), idx=[2, 3]) + WhiteKernel(noise_level=0.00266)",0.43369293,0.083918561,0.80684305,0.60951924,0.0026640741,-47.98499,0.0033495593,0.0019957983,0.99958569
75,active,76,"SliceKernel(base=RBF(length_scale=[0.437, 0.0843]), idx=[0, 1]) + SliceKernel(base=RBF(length_scale=[0.818, 0.619]), idx=[2, 3]) + WhiteKernel(noise_level=0.0023)",0.4367178,0.084313381,0.81838105,0.61920862,0.0022993095,-45.046319,0.0032197613,0.0018882081,0.99963485
76,active,77,"SliceKernel(base=RBF(length_scale=[0.445, 0.0846]), idx=[0, 1]) + SliceKernel(base=RBF(length_scale=[0.837, 0.629]), idx=[2, 3]) + WhiteKernel(noise_level=0.0022)",0.44504173,0.084620851,0.83672249,0.6291053,0.0021970355,-42.745456,0.0032683449,0.0019356115,0.99963685
77,active,78,"SliceKernel(base=RBF(length_scale=[0.346, 0.0952]), idx=[0, 1]) + SliceKernel(base=RBF(length_scale=[0.83, 0.641]), idx=[2, 3]) + WhiteKernel(noise_level=0.00209)",0.34649707,0.095188026,0.82950633,0.64137894,0.002086998,-47.123093,0.0030885332,0.0017312712,0.9996718
78,active,79,"SliceKernel(base=RBF(length_scale=[0.348, 0.0984]), idx=[0, 1]) + SliceKernel(base=RBF(length_scale=[0.838, 0.648]), idx=[2, 3]) + WhiteKernel(noise_level=0.00203)",0.34837238,0.098438083,0.83801412,0.64829595,0.0020330738,-47.33629,0.0030762068,0.0017217737,0.99968274
79,active,80,"SliceKernel(base=RBF(length_scale=[0.353, 0.1]), idx=[0, 1]) + SliceKernel(base=RBF(length_scale=[0.843, 0.655]), idx=[2, 3]) + WhiteKernel(noise_level=0.00195)",0.35271255,0.10034132,0.84276061,0.65541098,0.0019489224,-45.712236,0.0030524541,0.0017145551,0.99969367
80,active,81,"SliceKernel(base=RBF(length_scale=[0.359, 0.0995]), idx=[0, 1]) + SliceKernel(base=RBF(length_scale=[0.855, 0.662]), idx=[2, 3]) + WhiteKernel(noise_level=0.00184)",0.35925729,0.099527521,0.85462474,0.66213975,0.0018435457,-43.657192,0.0030396375,0.0017057652,0.99970192
81,active,82,"SliceKernel(base=RBF(length_scale=[0.362, 0.0996]), idx=[0, 1]) + SliceKernel(base=RBF(length_scale=[0.849, 0.658]), idx=[2, 3]) + WhiteKernel(noise_level=0.00174)",0.36175953,0.099605678,0.84932798,0.65827571,0.001740788,-41.750429,0.0030386298,0.0017224355,0.99970841
82,active,83,"SliceKernel(base=RBF(length_scale=[0.365, 0.0952]), idx=[0, 1]) + SliceKernel(base=RBF(length_scale=[0.824, 0.668]), idx=[2, 3]) + WhiteKernel(noise_level=0.00151)",0.36500178,0.095178399,0.82365525,0.66841677,0.0015055771,-40.406215,0.0028418925,0.0015911837,0.99974985
83,active,84,"SliceKernel(base=RBF(length_scale=[0.368, 0.0962]), idx=[0, 1]) + SliceKernel(base=RBF(length_scale=[0.832, 0.673]), idx=[2, 3]) + WhiteKernel(noise_level=0.00143)",0.36834358,0.096154851,0.83234245,0.67295841,0.0014332014,-38.530156,0.0028299197,0.0015733868,0.99975584
84,active,85,"SliceKernel(base=RBF(length_scale=[0.37, 0.0973]), idx=[0, 1]) + SliceKernel(base=RBF(length_scale=[0.829, 0.677]), idx=[2, 3]) + WhiteKernel(noise_level=0.00144)",0.36992665,0.097298977,0.82900624,0.67735497,0.0014404087,-39.418632,0.0028220619,0.0015668566,0.99975639
85,active,86,"SliceKernel(base=RBF(length_scale=[0.35, 0.0959]), idx=[0, 1]) + SliceKernel(base=RBF(length_scale=[0.834, 0.679]), idx=[2, 3]) + WhiteKernel(noise_level=0.00146)",0.35043795,0.095895218,0.83434865,0.6787478,0.0014630723,-41.454234,0.0028167036,0.0015577691,0.99975497
86,active,87,"SliceKernel(base=RBF(length_scale=[0.352, 0.097]), idx=[0, 1]) + SliceKernel(base=RBF(length_scale=[0.839, 0.684]), idx=[2, 3]) + WhiteKernel(noise_level=0.00136)",0.35235035,0.097041104,0.83856778,0.68414626,0.0013577307,-39.625891,0.0027705541,0.0015066596,0.99976543
87,active,88,"SliceKernel(base=RBF(length_scale=[0.343, 0.0977]), idx=[0, 1]) + SliceKernel(base=RBF(length_scale=[0.845, 0.687]), idx=[2, 3]) + WhiteKernel(noise_level=0.00137)",0.34278727,0.097697808,0.84511386,0.68731589,0.00136769,-42.019674,0.0027722887,0.001504204,0.99976553
88,active,89,"SliceKernel(base=RBF(length_scale=[0.344, 0.102]), idx=[0, 1]) + SliceKernel(base=RBF(length_scale=[0.882, 0.689]), idx=[2, 3]) + WhiteKernel(noise_level=0.00163)",0.34373975,0.10222582,0.88239957,0.68912767,0.0016255802,-40.716457,0.003166154,0.0018063182,0.99969763
89,active,90,"SliceKernel(base=RBF(length_scale=[0.345, 0.103]), idx=[0, 1]) + SliceKernel(base=RBF(length_scale=[0.9, 0.691]), idx=[2, 3]) + WhiteKernel(noise_level=0.00164)",0.34530153,0.10262832,0.89989078,0.69090685,0.0016426944,-38.777517,0.0032852082,0.0018877491,0.99967749
90,active,91,"SliceKernel(base=RBF(length_scale=[0.357, 0.0981]), idx=[0, 1]) + SliceKernel(base=RBF(length_scale=[0.932, 0.691]), idx=[2, 3]) + WhiteKernel(noise_level=0.00184)",0.3565428,0.098086957,0.93193954,0.69052307,0.001841176,-38.612558,0.003596714,0.0020730282,0.99961758
91,active,92,"SliceKernel(base=RBF(length_scale=[0.362, 0.0938]), idx=[0, 1]) + SliceKernel(base=RBF(length_scale=[0.96, 0.68]), idx=[2, 3]) + WhiteKernel(noise_level=0.00218)",0.3616313,0.093817896,0.960401,0.67950739,0.0021751926,-39.150476,0.0039939671,0.0023735942,0.99952826
92,active,93,"SliceKernel(base=RBF(length_scale=[0.361, 0.092]), idx=[0, 1]) + SliceKernel(base=RBF(length_scale=[0.949, 0.666]), idx=[2, 3]) + WhiteKernel(noise_level=0.00215)",0.36133537,0.092027217,0.94905267,0.66610981,0.0021463463,-41.158296,0.0039916335,0.0023708626,0.99954057
93,active,94,"SliceKernel(base=RBF(length_scale=[0.356, 0.0943]), idx=[0, 1]) + SliceKernel(base=RBF(length_scale=[0.957, 0.671]), idx=[2, 3]) + WhiteKernel(noise_level=0.00213)",0.35639545,0.094290945,0.95685782,0.6714716,0.0021261189,-43.532556,0.0039923105,0.0023707219,0.99954784
94,active,95,"SliceKernel(base=RBF(length_scale=[0.352, 0.0963]), idx=[0, 1]) + SliceKernel(base=RBF(length_scale=[0.968, 0.698]), idx=[2, 3]) + WhiteKernel(noise_level=0.00248)",0.35233227,0.096258573,0.96830315,0.69786224,0.0024775398,-43.33689,0.0044926048,0.0027557754,0.99943236
95,active,96,"SliceKernel(base=RBF(length_scale=[0.461, 0.0755]), idx=[0, 1]) + SliceKernel(base=RBF(length_scale=[0.844, 0.423]), idx=[2, 3]) + WhiteKernel(noise_level=0.00509)",0.46122342,0.075488733,0.84421167,0.42263654,0.0050916799,-65.945792,0.0058021341,0.003363369,0.99904536
96,active,97,"SliceKernel(base=RBF(length_scale=[0.548, 0.179]), idx=[0, 1]) + SliceKernel(base=RBF(length_scale=[1.03, 0.189]), idx=[2, 3]) + WhiteKernel(noise_level=0.00899)",0.54842594,0.17942106,1.0293251,0.18934948,0.0089927913,-81.828834,0.0070104361,0.0051157601,0.99859215
97,active,98,"SliceKernel(base=RBF(length_scale=[0.597, 0.189]), idx=[0, 1]) + SliceKernel(base=RBF(length_scale=[1.07, 0.169]), idx=[2, 3]) + WhiteKernel(noise_level=0.00741)",0.59724929,0.18897915,1.0667599,0.16854177,0.0074102858,-83.52828,0.0059532089,0.0042260569,0.99897505
98,active,99,"SliceKernel(base=RBF(length_scale=[1.74, 0.406]), idx=[0, 1]) + SliceKernel(base=RBF(length_scale=[0.941, 0.717]), idx=[2, 3]) + WhiteKernel(noise_level=0.0657)",1.741319,0.40603568,0.94079605,0.7168832,0.06569185,-64.766594,0.037445736,0.027323011,0.95904387
99,active,100,"SliceKernel(base=RBF(length_scale=[1.74, 0.404]), idx=[0, 1]) + SliceKernel(base=RBF(length_scale=[0.968, 0.716]), idx=[2, 3]) + WhiteKernel(noise_level=0.0649)",1.7425546,0.40432684,0.96837846,0.71620396,0.064931316,-64.568519,0.037351265,0.027261689,0.95926763
100,active,101,"SliceKernel(base=RBF(length_scale=[1.74, 0.405]), idx=[0, 1]) + SliceKernel(base=RBF(length_scale=[0.966, 0.721]), idx=[2, 3]) + WhiteKernel(noise_level=0.0635)",1.7419065,0.40453713,0.96617142,0.72061754,0.063474417,-64.268173,0.036978531,0.026796739,0.96013975
101,active,102,"SliceKernel(base=RBF(length_scale=[1.75, 0.406]), idx=[0, 1]) + SliceKernel(base=RBF(length_scale=[0.954, 0.72]), idx=[2, 3]) + WhiteKernel(noise_level=0.0646)",1.7540253,0.40608643,0.95439504,0.72011965,0.064640244,-65.698312,0.037147626,0.027010009,0.95943202
102,active,103,"SliceKernel(base=RBF(length_scale=[1.75, 0.408]), idx=[0, 1]) + SliceKernel(base=RBF(length_scale=[0.939, 0.719]), idx=[2, 3]) + WhiteKernel(noise_level=0.0628)",1.7476563,0.40778826,0.93918864,0.71896073,0.062754041,-65.394086,0.036598695,0.026411182,0.96071881
103,active,104,"SliceKernel(base=RBF(length_scale=[1.75, 0.408]), idx=[0, 1]) + SliceKernel(base=RBF(length_scale=[0.948, 0.725]), idx=[2, 3]) + WhiteKernel(noise_level=0.0618)",1.7487042,0.40757166,0.94770204,0.72524292,0.061843402,-65.062574,0.036430447,0.026188351,0.96111055
104,active,105,"SliceKernel(base=RBF(length_scale=[0.785, 0.016]), idx=[0, 1]) + SliceKernel(base=RBF(length_scale=[0.982, 0.689]), idx=[2, 3]) + WhiteKernel(noise_level=0.0024)",0.78475847,0.01602036,0.98209442,0.68922428,0.00239611,-62.750381,0.0042210751,0.0024641847,0.99947796
105,active,106,"SliceKernel(base=RBF(length_scale=[0.506, 0.0158]), idx=[0, 1]) + SliceKernel(base=RBF(length_scale=[0.981, 0.704]), idx=[2, 3]) + WhiteKernel(noise_level=0.00237)",0.50600947,0.015833184,0.98058602,0.70393497,0.0023745629,-65.586582,0.0041497771,0.0023997421,0.99949199
106,active,107,"SliceKernel(base=RBF(length_scale=[0.638, 0.0123]), idx=[0, 1]) + SliceKernel(base=RBF(length_scale=[0.998, 0.687]), idx=[2, 3]) + WhiteKernel(noise_level=0.00248)",0.63789034,0.012279899,0.99810837,0.68740212,0.0024847195,-68.457037,0.004098524,0.0023250784,0.99950048
107,active,108,"SliceKernel(base=RBF(length_scale=[1.9, 0.415]), idx=[0, 1]) + SliceKernel(base=RBF(length_scale=[1.38, 0.655]), idx=[2, 3]) + WhiteKernel(noise_level=0.075)",1.8985668,0.41524045,1.3792571,0.65528398,0.075008578,-69.235074,0.041333632,0.031620729,0.94934837
108,active,109,"SliceKernel(base=RBF(length_scale=[1.82, 0.409]), idx=[0, 1]) + SliceKernel(base=RBF(length_scale=[1.48, 0.659]), idx=[2, 3]) + WhiteKernel(noise_level=0.0758)",1.8228443,0.40911479,1.4791053,0.65924536,0.075799531,-69.854013,0.041963784,0.032151785,0.9483962
109,active,110,"SliceKernel(base=RBF(length_scale=[1.79, 0.406]), idx=[0, 1]) + SliceKernel(base=RBF(length_scale=[1.55, 0.661]), idx=[2, 3]) + WhiteKernel(noise_level=0.0752)",1.7869864,0.40580393,1.5454017,0.66147625,0.075246298,-69.923081,0.042124845,0.032778347,0.94851272
110,active,111,"SliceKernel(base=RBF(length_scale=[0.626, 0.0132]), idx=[0, 1]) + SliceKernel(base=RBF(length_scale=[1.02, 0.699]), idx=[2, 3]) + WhiteKernel(noise_level=0.00238)",0.62645076,0.013208148,1.0227347,0.69870158,0.0023812343,-69.350889,0.0041471543,0.0024032122,0.99950471
111,active,112,"SliceKernel(base=RBF(length_scale=[1.91, 0.428]), idx=[0, 1]) + SliceKernel(base=RBF(length_scale=[0.985, 0.698]), idx=[2, 3]) + WhiteKernel(noise_level=0.0713)",1.9112043,0.42756255,0.98516158,0.69796303,0.071312262,-73.701731,0.040552293,0.031195919,0.95334203
112,active,113,"SliceKernel(base=RBF(length_scale=[1.92, 0.428]), idx=[0, 1]) + SliceKernel(base=RBF(length_scale=[0.993, 0.696]), idx=[2, 3]) + WhiteKernel(noise_level=0.0705)",1.9199774,0.42783666,0.9929975,0.69644241,0.070519541,-73.563879,0.040368877,0.03095648,0.95370882
113,active,114,"SliceKernel(base=RBF(length_scale=[1.94, 0.429]), idx=[0, 1]) + SliceKernel(base=RBF(length_scale=[0.984, 0.717]), idx=[2, 3]) + WhiteKernel(noise_level=0.0703)",1.9361144,0.42903306,0.98357043,0.71707397,0.070302121,-73.477614,0.040532064,0.031335839,0.95354194
114,active,115,"SliceKernel(base=RBF(length_scale=[1.94, 0.429]), idx=[0, 1]) + SliceKernel(base=RBF(length_scale=[0.986, 0.715]), idx=[2, 3]) + WhiteKernel(noise_level=0.0692)",1.941405,0.42851399,0.9861451,0.7152632,0.069221798,-73.277946,0.040225313,0.030945773,0.95417982
115,active,116,"SliceKernel(base=RBF(length_scale=[1.93, 0.432]), idx=[0, 1]) + SliceKernel(base=RBF(length_scale=[0.981, 0.73]), idx=[2, 3]) + WhiteKernel(noise_level=0.069)",1.9290888,0.43248624,0.98067345,0.72964577,0.068999174,-73.446339,0.040361975,0.031430401,0.954084
116,active,117,"SliceKernel(base=RBF(length_scale=[1.9, 0.44]), idx=[0, 1]) + SliceKernel(base=RBF(length_scale=[0.988, 0.737]), idx=[2, 3]) + WhiteKernel(noise_level=0.069)",1.9045587,0.44000083,0.98750753,0.73703721,0.068965861,-74.377289,0.040463868,0.031663532,0.95413273
117,active,118,"SliceKernel(base=RBF(length_scale=[1.91, 0.441]), idx=[0, 1]) + SliceKernel(base=RBF(length_scale=[0.987, 0.738]), idx=[2, 3]) + WhiteKernel(noise_level=0.0676)",1.9091189,0.44139108,0.98728821,0.73760325,0.06758864,-74.134858,0.040140508,0.031282454,0.95500688
118,active,119,"SliceKernel(base=RBF(length_scale=[1.9, 0.439]), idx=[0, 1]) + SliceKernel(base=RBF(length_scale=[1.02, 0.736]), idx=[2, 3]) + WhiteKernel(noise_level=0.0667)",1.900431,0.4386049,1.0166167,0.73600089,0.066736847,-73.899917,0.040102073,0.031129946,0.95539102
119,active,120,"SliceKernel(base=RBF(length_scale=[1.91, 0.44]), idx=[0, 1]) + SliceKernel(base=RBF(length_scale=[1.02, 0.737]), idx=[2, 3]) + WhiteKernel(noise_level=0.0657)",1.9052811,0.43952942,1.0229371,0.73728729,0.065696251,-73.611096,0.039894172,0.030893122,0.95597747
120,active,121,"SliceKernel(base=RBF(length_scale=[1.97, 0.447]), idx=[0, 1]) + SliceKernel(base=RBF(length_scale=[1.06, 0.708]), idx=[2, 3]) + WhiteKernel(noise_level=0.0615)",1.9725408,0.4466487,1.0592429,0.70769681,0.061460918,-73.496284,0.040262578,0.03108573,0.95875252
121,active,122,"SliceKernel(base=RBF(length_scale=[1.98, 0.448]), idx=[0, 1]) + SliceKernel(base=RBF(length_scale=[1.06, 0.709]), idx=[2, 3]) + WhiteKernel(noise_level=0.0606)",1.9800941,0.44780347,1.0563623,0.7085182,0.060603557,-73.318967,0.039987161,0.030729763,0.95926452
122,active,123,"SliceKernel(base=RBF(length_scale=[1.99, 0.452]), idx=[0, 1]) + SliceKernel(base=RBF(length_scale=[1.04, 0.714]), idx=[2, 3]) + WhiteKernel(noise_level=0.06)",1.9887296,0.45195263,1.0440724,0.71445411,0.059982564,-73.140898,0.039842904,0.030738141,0.95958101
123,active,124,"SliceKernel(base=RBF(length_scale=[1.99, 0.453]), idx=[0, 1]) + SliceKernel(base=RBF(length_scale=[1.04, 0.716]), idx=[2, 3]) + WhiteKernel(noise_level=0.0592)",1.9949018,0.45321306,1.0350093,0.71627314,0.059155426,-73.010353,0.039545189,0.030425897,0.96010336
124,active,125,"SliceKernel(base=RBF(length_scale=[2, 0.453]), idx=[0, 1]) + SliceKernel(base=RBF(length_scale=[1.03, 0.718]), idx=[2, 3]) + WhiteKernel(noise_level=0.0584)",2.0000907,0.45322433,1.0275723,0.71805303,0.05843681,-72.911853,0.039313283,0.030380671,0.96054006
125,active,126,"SliceKernel(base=RBF(length_scale=[2, 0.451]), idx=[0, 1]) + SliceKernel(base=RBF(length_scale=[1.07, 0.719]), idx=[2, 3]) + WhiteKernel(noise_level=0.0597)",2.0015834,0.45050133,1.0727742,0.71890196,0.059687716,-73.572893,0.039782633,0.030654354,0.95933851
126,active,127,"SliceKernel(base=RBF(length_scale=[2, 0.45]), idx=[0, 1]) + SliceKernel(base=RBF(length_scale=[1.07, 0.717]), idx=[2, 3]) + WhiteKernel(noise_level=0.0591)",1.9958918,0.45033766,1.0715289,0.71749659,0.059118189,-73.591501,0.03952051,0.03038345,0.95967821
127,active,128,"SliceKernel(base=RBF(length_scale=[2.02, 0.456]), idx=[0, 1]) + SliceKernel(base=RBF(length_scale=[1.06, 0.718]), idx=[2, 3]) + WhiteKernel(noise_level=0.0592)",2.023996,0.45589595,1.061117,0.71808469,0.059237634,-73.958347,0.039497663,0.030549777,0.95946976
128,active,129,"SliceKernel(base=RBF(length_scale=[2.03, 0.456]), idx=[0, 1]) + SliceKernel(base=RBF(length_scale=[1.07, 0.719]), idx=[2, 3]) + WhiteKernel(noise_level=0.0588)",2.0264893,0.45578566,1.0659594,0.71931109,0.058800323,-73.928934,0.039303707,0.030311416,0.95968601
129,active,130,"SliceKernel(base=RBF(length_scale=[2.03, 0.457]), idx=[0, 1]) + SliceKernel(base=RBF(length_scale=[1.07, 0.722]), idx=[2, 3]) + WhiteKernel(noise_level=0.0585)",2.032935,0.45734605,1.0721622,0.72162296,0.058539225,-74.016067,0.039191266,0.030191116,0.9597368
130,active,131,"SliceKernel(base=RBF(length_scale=[2.04, 0.456]), idx=[0, 1]) + SliceKernel(base=RBF(length_scale=[1.06, 0.729]), idx=[2, 3]) + WhiteKernel(noise_level=0.0583)",2.0389116,0.45625854,1.0648108,0.728816,0.058275775,-74.115252,0.039089311,0.030203394,0.9598246
131,active,132,"SliceKernel(base=RBF(length_scale=[2.04, 0.457]), idx=[0, 1]) + SliceKernel(base=RBF(length_scale=[1.07, 0.733]), idx=[2, 3]) + WhiteKernel(noise_level=0.0582)",2.0407052,0.45666349,1.0698256,0.73271618,0.058187052,-74.242317,0.039081431,0.030251824,0.95973604
132,active,133,"SliceKernel(base=RBF(length_scale=[2.04, 0.46]), idx=[0, 1]) + SliceKernel(base=RBF(length_scale=[1.06, 0.741]), idx=[2, 3]) + WhiteKernel(noise_level=0.0585)",2.0419154,0.46049642,1.0647338,0.74112467,0.058476505,-74.613219,0.039240668,0.030547992,0.95936303
133,active,134,"SliceKernel(base=RBF(length_scale=[2.05, 0.461]), idx=[0, 1]) + SliceKernel(base=RBF(length_scale=[1.06, 0.74]), idx=[2, 3]) + WhiteKernel(noise_level=0.058)",2.0464822,0.46113105,1.0609909,0.740412,0.057994493,-74.601325,0.039011691,0.030268339,0.95964258
134,active,135,"SliceKernel(base=RBF(length_scale=[2.05, 0.461]), idx=[0, 1]) + SliceKernel(base=RBF(length_scale=[1.05, 0.741]), idx=[2, 3]) + WhiteKernel(noise_level=0.0576)",2.0463477,0.4609788,1.0531439,0.74123066,0.05755225,-74.654059,0.038778234,0.029979265,0.95990612
135,active,136,"SliceKernel(base=RBF(length_scale=[2.05, 0.459]), idx=[0, 1]) + SliceKernel(base=RBF(length_scale=[1.06, 0.736]), idx=[2, 3]) + WhiteKernel(noise_level=0.0572)",2.0476453,0.4594712,1.0624356,0.73632715,0.057193492,-74.695809,0.038581293,0.029750097,0.9600913
136,active,137,"SliceKernel(base=RBF(length_scale=[2.07, 0.463]), idx=[0, 1]) + SliceKernel(base=RBF(length_scale=[1.06, 0.741]), idx=[2, 3]) + WhiteKernel(noise_level=0.0575)",2.0686295,0.46337756,1.0563518,0.74138214,0.057544331,-75.151353,0.038645937,0.029911965,0.9596907
137,active,138,"SliceKernel(base=RBF(length_scale=[2.08, 0.462]), idx=[0, 1]) + SliceKernel(base=RBF(length_scale=[1.07, 0.737]), idx=[2, 3]) + WhiteKernel(noise_level=0.0576)",2.0815999,0.46193677,1.065576,0.73684338,0.057610658,-75.364069,0.038664895,0.029994835,0.95953393
138,active,139,"SliceKernel(base=RBF(length_scale=[2.08, 0.46]), idx=[0, 1]) + SliceKernel(base=RBF(length_scale=[1.07, 0.726]), idx=[2, 3]) + WhiteKernel(noise_level=0.0573)",2.0815666,0.46021903,1.0744691,0.72648617,0.057341666,-75.528314,0.038531803,0.029872195,0.95969411
139,active,140,"SliceKernel(base=RBF(length_scale=[2.08, 0.46]), idx=[0, 1]) + SliceKernel(base=RBF(length_scale=[1.1, 0.732]), idx=[2, 3]) + WhiteKernel(noise_level=0.0578)",2.0840312,0.45992551,1.0950647,0.73157545,0.057830846,-75.911721,0.038674257,0.030038966,0.95913481
140,active,141,"SliceKernel(base=RBF(length_scale=[0.602, 0.0983]), idx=[0, 1]) + SliceKernel(base=RBF(length_scale=[1.02, 0.706]), idx=[2, 3]) + WhiteKernel(noise_level=0.0224)",0.60152621,0.098274903,1.0155049,0.70637074,0.02240497,-76.041294,0.019759891,0.012952675,0.98926577
141,active,142,"SliceKernel(base=RBF(length_scale=[2.06, 0.469]), idx=[0, 1]) + SliceKernel(base=RBF(length_scale=[1.1, 0.735]), idx=[2, 3]) + WhiteKernel(noise_level=0.0568)",2.0562073,0.46890333,1.0967888,0.73463253,0.056784361,-75.310745,0.038406762,0.029732861,0.95975138
142,active,143,"SliceKernel(base=RBF(length_scale=[2.05, 0.467]), idx=[0, 1]) + SliceKernel(base=RBF(length_scale=[1.09, 0.734]), idx=[2, 3]) + WhiteKernel(noise_level=0.0563)",2.0461205,0.46663168,1.0909927,0.7336312,0.056349093,-75.445497,0.038167695,0.029522316,0.96006465
143,active,144,"SliceKernel(base=RBF(length_scale=[2.05, 0.466]), idx=[0, 1]) + SliceKernel(base=RBF(length_scale=[1.09, 0.728]), idx=[2, 3]) + WhiteKernel(noise_level=0.0561)",2.0454854,0.46583426,1.0906177,0.72782653,0.056067846,-75.58827,0.038005837,0.029383594,0.96024001
144,active,145,"SliceKernel(base=RBF(length_scale=[2.05, 0.465]), idx=[0, 1]) + SliceKernel(base=RBF(length_scale=[1.08, 0.729]), idx=[2, 3]) + WhiteKernel(noise_level=0.0557)",2.0470899,0.46547555,1.081231,0.7290799,0.05574615,-75.683944,0.037806572,0.029121442,0.96042947
145,active,146,"SliceKernel(base=RBF(length_scale=[0.251, 0.0168]), idx=[0, 1]) + SliceKernel(base=RBF(length_scale=[0.875, 0.749]), idx=[2, 3]) + WhiteKernel(noise_level=0.00209)",0.25078249,0.016755995,0.87521704,0.7490801,0.0020943135,-59.269854,0.0046504213,0.0029948915,0.99939736
146,active,147,"SliceKernel(base=RBF(length_scale=[0.243, 0.0169]), idx=[0, 1]) + SliceKernel(base=RBF(length_scale=[0.878, 0.75]), idx=[2, 3]) + WhiteKernel(noise_level=0.00209)",0.24308991,0.016883862,0.87775717,0.75049075,0.0020886667,-60.995455,0.0046304581,0.0029732481,0.99940369
147,active,148,"SliceKernel(base=RBF(length_scale=[0.235, 0.0169]), idx=[0, 1]) + SliceKernel(base=RBF(length_scale=[0.882, 0.751]), idx=[2, 3]) + WhiteKernel(noise_level=0.00209)",0.2345416,0.016948853,0.88170131,0.75084478,0.0020894257,-62.651646,0.0046150912,0.002955022,0.99940761
148,active,149,"SliceKernel(base=RBF(length_scale=[0.234, 0.017]), idx=[0, 1]) + SliceKernel(base=RBF(length_scale=[0.86, 0.751]), idx=[2, 3]) + WhiteKernel(noise_level=0.0021)",0.23383002,0.017000241,0.86018878,0.75134384,0.0020987786,-64.152583,0.0046116621,0.0029510304,0.99940768
149,active,150,"SliceKernel(base=RBF(length_scale=[0.228, 0.0171]), idx=[0, 1]) + SliceKernel(base=RBF(length_scale=[0.862, 0.755]), idx=[2, 3]) + WhiteKernel(noise_level=0.00209)",0.22780365,0.01714715,0.86206125,0.75463432,0.002085604,-65.78071,0.0045936672,0.0029299453,0.99941579
150,active,151,"SliceKernel(base=RBF(length_scale=[0.223, 0.0174]), idx=[0, 1]) + SliceKernel(base=RBF(length_scale=[0.855, 0.758]), idx=[2, 3]) + WhiteKernel(noise_level=0.00209)",0.22305483,0.017421067,0.85475464,0.75797329,0.0020887764,-66.083087,0.004575956,0.0029076856,0.99941777
151,active,152,"SliceKernel(base=RBF(length_scale=[0.214, 0.0174]), idx=[0, 1]) + SliceKernel(base=RBF(length_scale=[0.858, 0.758]), idx=[2, 3]) + WhiteKernel(noise_level=0.0021)",0.21417838,0.017360035,0.85843183,0.75828626,0.0020980948,-67.642892,0.0045647518,0.0028923101,0.9994188
152,active,153,"SliceKernel(base=RBF(length_scale=[0.208, 0.0173]), idx=[0, 1]) + SliceKernel(base=RBF(length_scale=[0.86, 0.759]), idx=[2, 3]) + WhiteKernel(noise_level=0.00211)",0.20766908,0.017314453,0.86016498,0.75911114,0.0021066955,-69.171157,0.0045452816,0.002871735,0.99942088
153,active,154,"SliceKernel(base=RBF(length_scale=[0.203, 0.0174]), idx=[0, 1]) + SliceKernel(base=RBF(length_scale=[0.863, 0.76]), idx=[2, 3]) + WhiteKernel(noise_level=0.0021)",0.20290764,0.017431453,0.86269512,0.76023832,0.0020996083,-70.69061,0.0045256395,0.0028516092,0.99942722
